elapsed_s,iterations,thermal_state,rolling_avg_latency_ms,rss_mb,battery_ma
30,146,nominal,150,304.0673828125,232.6
60,293,nominal,147,305.7939453125,395.8
90,439,nominal,146,305.83203125,194.4
120,587,nominal,154,304.97265625,212.0
150,735,nominal,143,304.1103515625,181.4
180,881,nominal,152,305.81640625,181.4
210,1024,nominal,151,304.986328125,183.8
240,1171,nominal,150,303.1845703125,177.6
270,1317,nominal,147,305.140625,156.4
300,1463,nominal,162,304.328125,249.4
330,1611,nominal,149,301.935546875,318.8
360,1758,nominal,150,294.150390625,197.6
390,1906,nominal,157,284.177734375,175.4
420,2057,nominal,150,269.31640625,157.8
450,2212,nominal,145,261.6416015625,186.8
480,2365,nominal,166,240.3017578125,142.6
510,2525,nominal,143,252.8056640625,433.2
540,2679,nominal,144,260.78125,212.8
570,2837,nominal,143,254.3837890625,222.6
600,2994,nominal,144,253.953125,163.2
630,3148,nominal,153,243.65625,466.0
660,3312,nominal,143,240.818359375,422.6
690,3471,nominal,144,239.865234375,202.0
720,3634,nominal,146,241.5888671875,521.8
750,3794,nominal,143,241.208984375,209.8
780,3951,nominal,146,240.822265625,257.0
810,4112,nominal,146,241.041015625,258.6
840,4273,nominal,149,240.6962890625,166.2
870,4431,nominal,146,230.8359375,224.2
900,4590,nominal,143,232.73046875,189.8

