elapsed_s,iterations,thermal_state,latency_ms,rss_mb,battery_ma
31,18,nominal,1795,899.705078125,72.4
61,34,nominal,1870,886.07421875,64.0
91,50,nominal,1905,886.9375,92.2
121,66,nominal,1748,891.490234375,74.0
152,82,nominal,1931,888.908203125,9.8
183,98,nominal,1853,889.732421875,106.8
213,113,nominal,1777,890.662109375,146.4
243,128,nominal,1790,889.525390625,134.2
274,144,nominal,1848,890.6162109375,95.2
305,159,nominal,1910,890.8134765625,1.4
336,174,nominal,1827,891.4404296875,141.0
368,189,nominal,1997,891.3291015625,231.8
399,205,nominal,1857,840.287109375,89.2
431,220,nominal,2042,843.736328125,74.0
461,234,nominal,2013,843.0537109375,58.6
491,248,nominal,1684,837.423828125,144.8
522,263,nominal,2018,837.5576171875,113.6
553,278,nominal,1822,841.4833984375,116.6
584,293,nominal,1617,839.4990234375,137.2
614,307,nominal,2130,840.0322265625,125.0
644,322,nominal,2016,832.4130859375,122.0
674,336,nominal,2070,833.748046875,28.2
704,350,nominal,2174,834.65703125,48.8
735,364,nominal,2144,832.83203125,178.4
765,378,nominal,2023,833.76953125,51.8
795,392,nominal,1938,834.5703125,141.0
825,406,nominal,2063,835.447265625,106.0
855,420,nominal,1922,836.087890625,91.4
886,434,nominal,1997,841.8671875,41.8

