model_id,model_format,duration_ms,memory_start_mb,memory_peak_mb,memory_end_mb,thermal_state,battery_mah,cpu_percent
mobilenet-v3-small-tflite,tflite,603,264.365234375,264.365234375,246.771484375,nominal,292.2,null
mobilenet-v3-small-tflite,tflite,391,249.4248046875,265.9716796875,265.9716796875,nominal,347.8,null
mobilenet-v3-small-tflite,tflite,506,265.9912109375,265.9912109375,257.5107421875,nominal,378.4,null
mobilenet-v3-small-tflite,tflite,471,257.5224609375,257.5224609375,254.6435546875,nominal,288.2,null
mobilenet-v3-small-tflite,tflite,509,254.6552734375,271.8896484375,271.8896484375,nominal,343.2,null
mobilenet-v3-small-tflite,tflite,535,246.7919921875,264.5263671875,264.5263671875,nominal,141.0,null
mobilenet-v3-small-tflite,tflite,563,247.0888671875,264.8271484375,264.8271484375,nominal,328.8,null
mobilenet-v3-small-tflite,tflite,430,247.3896484375,265.1591796875,265.1591796875,nominal,297.4,null
mobilenet-v3-small-tflite,tflite,508,243.1435546875,248.0419921875,248.0419921875,nominal,381.4,null
mobilenet-v3-small-tflite,tflite,442,248.0615234375,265.8310546875,265.8310546875,nominal,381.4,null
mobilenet-v3-small-tflite,tflite,519,265.8466796875,265.8466796875,256.3271484375,nominal,331.8,null
mobilenet-v3-small-tflite,tflite,505,256.3388671875,257.4599609375,257.4599609375,nominal,265.4,null
mobilenet-v3-small-tflite,tflite,487,257.4755859375,257.4755859375,256.8271484375,nominal,390.6,null
mobilenet-v3-small-tflite,tflite,505,256.8388671875,257.2294921875,257.2294921875,nominal,399.6,null
mobilenet-v3-small-tflite,tflite,467,257.2490234375,257.5849609375,257.5849609375,nominal,402.8,null
mobilenet-v3-small-tflite,tflite,631,257.6005859375,257.9873046875,257.9873046875,nominal,344.8,null
mobilenet-v3-small-tflite,tflite,851,258.0068359375,258.3583984375,258.3583984375,nominal,281.4,null
mobilenet-v3-small-tflite,tflite,529,258.3857421875,258.3857421875,257.9560546875,nominal,199.8,null
mobilenet-v3-small-tflite,tflite,404,257.9755859375,275.7490234375,275.7490234375,nominal,320.4,null
mobilenet-v3-small-tflite,tflite,522,275.7763671875,275.7763671875,255.6513671875,nominal,108.2,null
mobilenet-v3-small-tflite,tflite,397,255.6708984375,273.4404296875,273.4404296875,nominal,189.8,null
mobilenet-v3-small-tflite,tflite,517,273.4521484375,273.4521484375,264.9443359375,nominal,356.2,null
mobilenet-v3-small-tflite,tflite,410,264.9560546875,266.0302734375,266.0302734375,nominal,356.2,null
mobilenet-v3-small-tflite,tflite,427,266.0498046875,270.9912109375,270.9912109375,nominal,352.4,null
mobilenet-v3-small-tflite,tflite,456,271.0068359375,271.3388671875,271.3388671875,nominal,286.0,null
mobilenet-v3-small-tflite,tflite,406,253.9091796875,271.6904296875,271.6904296875,nominal,332.6,null
mobilenet-v3-small-tflite,tflite,448,271.7021484375,272.0302734375,272.0302734375,nominal,133.4,null
mobilenet-v3-small-tflite,tflite,492,254.5849609375,254.9169921875,254.9169921875,nominal,331.8,null
mobilenet-v3-small-tflite,tflite,510,254.9287109375,272.7255859375,272.7255859375,nominal,315.8,null
mobilenet-v3-small-tflite,tflite,847,255.2685546875,255.6318359375,255.6318359375,nominal,164.0,null
resnet-18-onnx,onnx,147,397.1865234375,402.0771484375,402.0771484375,nominal,553.8,null
resnet-18-onnx,onnx,128,402.1328125,404.90625,404.90625,nominal,648.4,null
resnet-18-onnx,onnx,129,404.94921875,409.38671875,409.38671875,nominal,453.8,null
resnet-18-onnx,onnx,197,409.4375,409.4375,331.92578125,nominal,491.2,null
resnet-18-onnx,onnx,143,331.94140625,333.953125,333.953125,nominal,593.4,null
resnet-18-onnx,onnx,143,333.97265625,335.89453125,335.89453125,nominal,533.2,null
resnet-18-onnx,onnx,130,335.90625,337.59375,337.59375,nominal,734.6,null
resnet-18-onnx,onnx,141,337.61328125,339.48828125,339.48828125,nominal,576.6,null
resnet-18-onnx,onnx,145,339.5078125,341.4921875,341.4921875,nominal,508.0,null
resnet-18-onnx,onnx,204,341.54296875,346.69921875,346.69921875,nominal,757.4,null
resnet-18-onnx,onnx,138,339.83203125,341.7373046875,341.7373046875,nominal,492.0,null
resnet-18-onnx,onnx,136,341.7451171875,343.6201171875,343.6201171875,nominal,538.6,null
resnet-18-onnx,onnx,129,343.6396484375,345.5107421875,345.5107421875,nominal,520.2,null
resnet-18-onnx,onnx,132,345.5224609375,347.4423828125,347.4423828125,nominal,580.4,null
resnet-18-onnx,onnx,131,347.4580078125,349.3251953125,349.3251953125,nominal,553.0,null
resnet-18-onnx,onnx,179,349.3408203125,349.3408203125,347.5751953125,nominal,502.0,null
resnet-18-onnx,onnx,129,341.1611328125,343.0361328125,343.0361328125,nominal,304.4,null
resnet-18-onnx,onnx,137,343.0517578125,344.9267578125,344.9267578125,nominal,444.6,null
resnet-18-onnx,onnx,128,344.9384765625,346.8056640625,346.8056640625,nominal,368.4,null
resnet-18-onnx,onnx,129,346.8134765625,348.6884765625,348.6884765625,nominal,689.6,null
resnet-18-onnx,onnx,130,348.7001953125,350.5751953125,350.5751953125,nominal,176.2,null
resnet-18-onnx,onnx,234,350.5830078125,350.5830078125,349.2705078125,nominal,487.4,null
resnet-18-onnx,onnx,133,342.8837890625,344.7548828125,344.7548828125,nominal,321.0,null
resnet-18-onnx,onnx,134,344.7705078125,346.6455078125,346.6455078125,nominal,276.0,null
resnet-18-onnx,onnx,135,346.6572265625,348.5361328125,348.5361328125,nominal,304.4,null
resnet-18-onnx,onnx,157,349.0078125,349.0078125,346.84375,nominal,564.4,null
resnet-18-onnx,onnx,128,346.859375,348.73046875,348.73046875,nominal,362.2,null
resnet-18-onnx,onnx,205,348.7421875,348.7421875,347.8828125,nominal,347.0,null
resnet-18-onnx,onnx,160,340.015625,341.8984375,341.8984375,nominal,669.8,null
resnet-18-onnx,onnx,132,341.9091796875,343.77734375,343.77734375,nominal,849.0,null
tinyllama-1.1b-gguf,gguf,1877,904.99609375,904.99609375,901.541015625,nominal,576.6,null
tinyllama-1.1b-gguf,gguf,1627,901.36328125,901.37109375,901.37109375,nominal,85.4,null
tinyllama-1.1b-gguf,gguf,1688,901.3984375,901.47265625,901.47265625,nominal,71.6,null
tinyllama-1.1b-gguf,gguf,1569,901.5234375,901.78515625,901.78515625,nominal,52.6,null
tinyllama-1.1b-gguf,gguf,1852,901.8359375,902.16015625,902.16015625,nominal,35.8,null
tinyllama-1.1b-gguf,gguf,1801,902.2138671875,902.5068359375,902.5068359375,nominal,22.0,null
tinyllama-1.1b-gguf,gguf,1983,902.5615234375,902.861328125,902.861328125,nominal,90.6,null
tinyllama-1.1b-gguf,gguf,1935,902.908203125,902.974609375,902.974609375,nominal,730.8,null
tinyllama-1.1b-gguf,gguf,1844,903.025390625,903.025390625,902.07421875,nominal,156.4,null
tinyllama-1.1b-gguf,gguf,1952,902.125,902.44921875,902.44921875,nominal,38.8,null
tinyllama-1.1b-gguf,gguf,1858,902.49609375,902.5859375,902.5859375,nominal,222.0,null
tinyllama-1.1b-gguf,gguf,1821,902.6484375,902.9794921875,902.9794921875,nominal,99.0,null
tinyllama-1.1b-gguf,gguf,1938,903.0341796875,903.6865234375,903.6865234375,nominal,2.2,null
tinyllama-1.1b-gguf,gguf,1636,903.7373046875,903.9716796875,903.9716796875,nominal,92.2,null
tinyllama-1.1b-gguf,gguf,1772,904.0185546875,904.0185546875,903.8076171875,nominal,105.2,null
tinyllama-1.1b-gguf,gguf,1926,903.8583984375,904.0283203125,904.0283203125,nominal,8.2,null
tinyllama-1.1b-gguf,gguf,1969,904.0751953125,904.0751953125,849.0146484375,nominal,186.8,null
tinyllama-1.1b-gguf,gguf,1567,849.0576171875,849.0576171875,843.82421875,nominal,399.0,null
tinyllama-1.1b-gguf,gguf,1782,843.83203125,848.955078125,848.955078125,nominal,122.8,null
tinyllama-1.1b-gguf,gguf,1537,849.009765625,849.009765625,847.9345703125,nominal,540.8,null
tinyllama-1.1b-gguf,gguf,1884,847.9814453125,848.05859375,848.05859375,nominal,26.6,null
tinyllama-1.1b-gguf,gguf,1757,848.109375,848.109375,847.8310546875,nominal,174.6,null
tinyllama-1.1b-gguf,gguf,2028,847.8701171875,847.8701171875,847.7890625,nominal,88.4,null
tinyllama-1.1b-gguf,gguf,1812,847.84375,847.84375,847.318359375,nominal,230.4,null
tinyllama-1.1b-gguf,gguf,1984,847.333984375,853.1015625,853.1015625,nominal,19.0,null
tinyllama-1.1b-gguf,gguf,1853,847.2734375,847.2734375,847.208984375,nominal,192.2,null
tinyllama-1.1b-gguf,gguf,1774,847.220703125,847.30859375,847.30859375,nominal,215.0,null
tinyllama-1.1b-gguf,gguf,1882,847.3125,847.3125,847.0869140625,nominal,476.0,null
tinyllama-1.1b-gguf,gguf,1461,847.0947265625,847.1298828125,847.1298828125,nominal,48.8,null
tinyllama-1.1b-gguf,gguf,1537,847.1455078125,847.2236328125,847.2236328125,nominal,84.6,null

