model_id,scenario,run_index,duration_ms,memory_start_mb,memory_peak_mb,memory_end_mb,thermal_state,battery_mah,cpu_percent,fault_applied
mobilenet-v3-small-tflite,baseline,1,158.0,296.505859375,296.505859375,294.4462890625,nominal,666.8,0.0,false
mobilenet-v3-small-tflite,baseline,2,155.0,276.546875,294.08203125,294.08203125,nominal,681.2,0.0,false
mobilenet-v3-small-tflite,baseline,3,179.0,276.65234375,277.078125,277.078125,nominal,579.0,0.0,false
mobilenet-v3-small-tflite,baseline,4,127.0,277.28125,292.6875,292.6875,nominal,516.4,0.0,false
mobilenet-v3-small-tflite,baseline,5,131.0,275.25390625,292.61328125,292.61328125,nominal,558.4,0.0,false
mobilenet-v3-small-tflite,baseline,6,126.0,275.1796875,292.74609375,292.74609375,nominal,628.6,0.0,false
mobilenet-v3-small-tflite,baseline,7,128.0,292.76953125,292.89453125,292.89453125,nominal,578.2,0.0,false
mobilenet-v3-small-tflite,baseline,8,129.0,292.91015625,293.35546875,293.35546875,nominal,541.6,0.0,false
mobilenet-v3-small-tflite,baseline,9,130.0,293.3671875,293.48828125,293.48828125,nominal,675.2,0.0,false
mobilenet-v3-small-tflite,baseline,10,129.0,276.046875,293.6328125,293.6328125,nominal,754.4,0.0,false
mobilenet-v3-small-tflite,baseline,11,129.0,278.41015625,290.39453125,290.39453125,nominal,517.2,0.0,false
mobilenet-v3-small-tflite,baseline,12,136.0,272.96484375,290.51171875,290.51171875,nominal,604.2,0.0,false
mobilenet-v3-small-tflite,baseline,13,124.0,273.07421875,290.640625,290.640625,nominal,552.2,0.0,false
mobilenet-v3-small-tflite,baseline,14,130.0,290.66015625,290.66015625,290.4375,nominal,656.0,0.0,false
mobilenet-v3-small-tflite,baseline,15,128.0,290.46875,290.578125,290.578125,nominal,308.2,0.0,false
mobilenet-v3-small-tflite,baseline,16,126.0,273.1484375,290.77734375,290.77734375,nominal,418.0,0.0,false
mobilenet-v3-small-tflite,baseline,17,127.0,290.79296875,290.92578125,290.92578125,nominal,536.2,0.0,false
mobilenet-v3-small-tflite,baseline,18,158.0,273.46875,273.59375,273.59375,nominal,438.6,0.0,false
mobilenet-v3-small-tflite,baseline,19,145.0,273.6015625,291.2509765625,291.2509765625,nominal,515.6,0.0,false
mobilenet-v3-small-tflite,baseline,20,128.0,273.7822265625,291.3603515625,291.3603515625,nominal,471.4,0.0,false
mobilenet-v3-small-tflite,baseline,21,127.0,273.9267578125,291.5126953125,291.5126953125,nominal,656.0,0.0,false
mobilenet-v3-small-tflite,baseline,22,129.0,274.0751953125,291.6611328125,291.6611328125,nominal,272.2,0.0,false
mobilenet-v3-small-tflite,baseline,23,126.0,274.2236328125,291.7978515625,291.7978515625,nominal,385.2,0.0,false
mobilenet-v3-small-tflite,baseline,24,125.0,291.8056640625,291.9267578125,291.9267578125,nominal,472.2,0.0,false
mobilenet-v3-small-tflite,baseline,25,127.0,291.9345703125,292.0322265625,292.0322265625,nominal,447.0,0.0,false
mobilenet-v3-small-tflite,baseline,26,127.0,292.0400390625,292.1689453125,292.1689453125,nominal,408.8,0.0,false
mobilenet-v3-small-tflite,baseline,27,124.0,274.7353515625,292.3212890625,292.3212890625,nominal,478.2,0.0,false
mobilenet-v3-small-tflite,baseline,28,125.0,292.3408203125,292.4775390625,292.4775390625,nominal,420.2,0.0,false
mobilenet-v3-small-tflite,baseline,29,124.0,292.4931640625,292.5908203125,292.5908203125,nominal,451.6,0.0,false
mobilenet-v3-small-tflite,baseline,30,130.0,292.5908203125,292.7236328125,292.7236328125,nominal,720.8,0.0,false
mobilenet-v3-small-tflite,memory_pressure,1,152.0,294.9423828125,294.9423828125,271.4453125,nominal,275.4,0.0,true
mobilenet-v3-small-tflite,memory_pressure,2,144.0,271.45703125,289.03515625,289.03515625,nominal,686.6,0.0,true
mobilenet-v3-small-tflite,memory_pressure,3,145.0,271.60546875,288.953125,288.953125,nominal,803.2,0.0,true
mobilenet-v3-small-tflite,memory_pressure,4,160.0,271.4453125,289.0302734375,289.0302734375,nominal,617.2,0.0,true
mobilenet-v3-small-tflite,memory_pressure,5,133.0,271.5888671875,289.1669921875,289.1669921875,nominal,434.8,0.0,true
mobilenet-v3-small-tflite,memory_pressure,6,145.0,271.7294921875,289.3701171875,289.3701171875,nominal,727.8,0.0,true
mobilenet-v3-small-tflite,memory_pressure,7,141.0,271.9365234375,289.5068359375,289.5068359375,nominal,238.0,0.0,true
mobilenet-v3-small-tflite,memory_pressure,8,155.0,272.0771484375,272.0771484375,271.5458984375,nominal,542.4,0.0,true
mobilenet-v3-small-tflite,memory_pressure,9,134.0,271.5576171875,289.1201171875,289.1201171875,nominal,344.0,0.0,true
mobilenet-v3-small-tflite,memory_pressure,10,131.0,271.6865234375,289.2646484375,289.2646484375,nominal,471.4,0.0,true
mobilenet-v3-small-tflite,memory_pressure,11,135.0,271.8271484375,289.3779296875,289.3779296875,nominal,392.8,0.0,true
mobilenet-v3-small-tflite,memory_pressure,12,155.0,271.9482421875,272.0185546875,272.0185546875,nominal,450.8,0.0,true
mobilenet-v3-small-tflite,memory_pressure,13,130.0,272.0302734375,289.6201171875,289.6201171875,nominal,354.6,0.0,true
mobilenet-v3-small-tflite,memory_pressure,14,147.0,272.1787109375,289.8232421875,289.8232421875,nominal,463.8,0.0,true
mobilenet-v3-small-tflite,memory_pressure,15,131.0,272.3935546875,289.9482421875,289.9482421875,nominal,315.0,0.0,true
mobilenet-v3-small-tflite,memory_pressure,16,134.0,272.4287109375,290.0693359375,290.0693359375,nominal,312.0,0.0,true
mobilenet-v3-small-tflite,memory_pressure,17,135.0,272.6279296875,290.2216796875,290.2216796875,nominal,600.4,0.0,true
mobilenet-v3-small-tflite,memory_pressure,18,129.0,272.7841796875,290.3662109375,290.3662109375,nominal,36.6,0.0,true
mobilenet-v3-small-tflite,memory_pressure,19,133.0,272.9365234375,290.4443359375,290.4443359375,nominal,337.8,0.0,true
mobilenet-v3-small-tflite,memory_pressure,20,144.0,273.0146484375,273.1396484375,273.1396484375,nominal,236.4,0.0,true
mobilenet-v3-small-tflite,memory_pressure,21,144.0,273.1552734375,290.7138671875,290.7138671875,nominal,251.0,0.0,true
mobilenet-v3-small-tflite,memory_pressure,22,127.0,273.2724609375,290.8388671875,290.8388671875,nominal,367.6,0.0,true
mobilenet-v3-small-tflite,memory_pressure,23,144.0,273.3935546875,273.4990234375,273.4990234375,nominal,321.8,0.0,true
mobilenet-v3-small-tflite,memory_pressure,24,160.0,273.5107421875,273.6630859375,273.6630859375,nominal,260.0,0.0,true
mobilenet-v3-small-tflite,memory_pressure,25,149.0,273.6708984375,273.7685546875,273.7685546875,nominal,347.0,0.0,true
mobilenet-v3-small-tflite,memory_pressure,26,128.0,273.7841796875,291.3505859375,291.3505859375,nominal,279.2,0.0,true
mobilenet-v3-small-tflite,memory_pressure,27,137.0,273.9169921875,291.6435546875,291.6435546875,nominal,416.4,0.0,true
mobilenet-v3-small-tflite,memory_pressure,28,139.0,274.2060546875,291.6435546875,291.6435546875,nominal,495.8,0.0,true
mobilenet-v3-small-tflite,memory_pressure,29,138.0,291.6630859375,291.8076171875,291.8076171875,nominal,328.8,0.0,true
mobilenet-v3-small-tflite,memory_pressure,30,145.0,274.2177734375,291.7998046875,291.7998046875,nominal,263.8,0.0,true
mobilenet-v3-small-tflite,malformed_input,1,163.0,294.8662109375,294.8662109375,289.4326171875,nominal,555.4,0.0,true
mobilenet-v3-small-tflite,malformed_input,2,154.0,289.4404296875,294.1552734375,294.1552734375,nominal,464.6,0.0,true
mobilenet-v3-small-tflite,malformed_input,3,148.0,294.1669921875,294.1669921875,292.9638671875,nominal,584.4,0.0,true
mobilenet-v3-small-tflite,malformed_input,4,161.0,292.9794921875,293.1201171875,293.1201171875,nominal,326.4,0.0,true
mobilenet-v3-small-tflite,malformed_input,5,165.0,293.1357421875,293.2880859375,293.2880859375,nominal,296.0,0.0,true
mobilenet-v3-small-tflite,malformed_input,6,152.0,293.3037109375,294.4443359375,294.4443359375,nominal,244.0,0.0,true
mobilenet-v3-small-tflite,malformed_input,7,153.0,294.4560546875,295.5927734375,295.5927734375,nominal,208.2,0.0,true
mobilenet-v3-small-tflite,malformed_input,8,207.0,295.6005859375,295.6005859375,288.5263671875,nominal,253.2,0.0,true
mobilenet-v3-small-tflite,malformed_input,9,168.0,288.5341796875,288.5341796875,288.1318359375,nominal,202.0,0.0,true
mobilenet-v3-small-tflite,malformed_input,10,185.0,288.1396484375,289.3701171875,289.3701171875,nominal,196.0,0.0,true
mobilenet-v3-small-tflite,malformed_input,11,194.0,289.3896484375,289.5732421875,289.5732421875,nominal,357.0,0.0,true
mobilenet-v3-small-tflite,malformed_input,12,156.0,289.5849609375,295.0732421875,295.0732421875,nominal,385.2,0.0,true
mobilenet-v3-small-tflite,malformed_input,13,147.0,295.0810546875,295.1669921875,295.1669921875,nominal,262.4,0.0,true
mobilenet-v3-small-tflite,malformed_input,14,149.0,295.1748046875,295.2529296875,295.2529296875,nominal,352.4,0.0,true
mobilenet-v3-small-tflite,malformed_input,15,161.0,295.2607421875,296.4208984375,296.4208984375,nominal,337.8,0.0,true
mobilenet-v3-small-tflite,malformed_input,16,152.0,296.4287109375,297.9951171875,297.9951171875,nominal,399.6,0.0,true
mobilenet-v3-small-tflite,malformed_input,17,148.0,301.0654296875,302.4677734375,302.4677734375,nominal,286.8,0.0,true
mobilenet-v3-small-tflite,malformed_input,18,149.0,302.4833984375,302.6162109375,302.6162109375,nominal,373.0,0.0,true
mobilenet-v3-small-tflite,malformed_input,19,174.0,302.6279296875,302.6279296875,295.9052734375,nominal,185.2,0.0,true
mobilenet-v3-small-tflite,malformed_input,20,186.0,295.9169921875,295.9169921875,290.7177734375,nominal,193.6,0.0,true
mobilenet-v3-small-tflite,malformed_input,21,169.0,290.7333984375,290.8193359375,290.8193359375,nominal,283.8,0.0,true
mobilenet-v3-small-tflite,malformed_input,22,158.0,290.8427734375,292.7451171875,292.7451171875,nominal,378.4,0.0,true
mobilenet-v3-small-tflite,malformed_input,23,153.0,292.7685546875,292.7685546875,291.8935546875,nominal,295.2,0.0,true
mobilenet-v3-small-tflite,malformed_input,24,147.0,291.9091796875,296.6318359375,296.6318359375,nominal,380.6,0.0,true
mobilenet-v3-small-tflite,malformed_input,25,149.0,296.6435546875,296.8427734375,296.8427734375,nominal,319.6,0.0,true
mobilenet-v3-small-tflite,malformed_input,26,147.0,296.8544921875,296.9716796875,296.9716796875,nominal,277.6,0.0,true
mobilenet-v3-small-tflite,malformed_input,27,143.0,296.9912109375,297.0693359375,297.0693359375,nominal,605.6,0.0,true
mobilenet-v3-small-tflite,malformed_input,28,164.0,297.0771484375,297.0771484375,292.7021484375,nominal,332.6,0.0,true
mobilenet-v3-small-tflite,malformed_input,29,146.0,292.7255859375,297.4365234375,297.4365234375,nominal,345.6,0.0,true
mobilenet-v3-small-tflite,malformed_input,30,142.0,297.4482421875,297.5771484375,297.5771484375,nominal,382.2,0.0,true
mobilenet-v3-small-tflite,thermal_stress,1,817.0,292.9931640625,294.6943359375,294.6943359375,nominal,370.0,0.0,false
mobilenet-v3-small-tflite,thermal_stress,2,827.0,294.6962890625,295.5,295.5,nominal,497.4,0.0,false
mobilenet-v3-small-tflite,thermal_stress,3,829.0,295.51171875,295.5234375,295.5234375,nominal,442.4,0.0,false
mobilenet-v3-small-tflite,thermal_stress,4,885.0,295.5400390625,295.7578125,295.7578125,nominal,357.0,0.0,false
mobilenet-v3-small-tflite,thermal_stress,5,805.0,295.77734375,295.77734375,292.6416015625,nominal,350.8,0.0,false
mobilenet-v3-small-tflite,thermal_stress,6,806.0,292.6494140625,297.0537109375,297.0537109375,nominal,199.0,0.0,false
mobilenet-v3-small-tflite,thermal_stress,7,839.0,297.0654296875,298.6279296875,298.6279296875,nominal,337.2,0.0,false
mobilenet-v3-small-tflite,thermal_stress,8,738.0,298.6337890625,299.1240234375,299.1240234375,nominal,558.4,0.0,false
mobilenet-v3-small-tflite,thermal_stress,9,775.0,299.3427734375,299.3427734375,298.8037109375,nominal,428.6,0.0,false
mobilenet-v3-small-tflite,thermal_stress,10,769.0,298.8193359375,299.1943359375,299.1943359375,nominal,288.2,0.0,false
mobilenet-v3-small-tflite,thermal_stress,11,815.0,299.2099609375,305.1298828125,305.1298828125,nominal,333.4,0.0,false
mobilenet-v3-small-tflite,thermal_stress,12,781.0,305.1416015625,306.6337890625,306.6337890625,nominal,557.6,0.0,false
mobilenet-v3-small-tflite,thermal_stress,13,766.0,306.6533203125,306.6533203125,301.0986328125,nominal,209.8,0.0,false
mobilenet-v3-small-tflite,thermal_stress,14,742.0,301.4189453125,301.6142578125,301.6142578125,nominal,360.8,0.0,false
mobilenet-v3-small-tflite,thermal_stress,15,721.0,301.6220703125,301.6220703125,300.6171875,nominal,453.0,0.0,false
mobilenet-v3-small-tflite,thermal_stress,16,760.0,300.625,300.625,300.5546875,nominal,262.4,0.0,false
mobilenet-v3-small-tflite,thermal_stress,17,762.0,300.5625,300.5625,297.37890625,nominal,467.6,0.0,false
mobilenet-v3-small-tflite,thermal_stress,18,753.0,297.38671875,306.5703125,306.5703125,nominal,302.8,0.0,false
mobilenet-v3-small-tflite,thermal_stress,19,711.0,306.62890625,306.62890625,301.7919921875,nominal,365.4,0.0,false
mobilenet-v3-small-tflite,thermal_stress,20,756.0,301.7998046875,301.7998046875,300.681640625,nominal,223.4,0.0,false
mobilenet-v3-small-tflite,thermal_stress,21,820.0,300.693359375,300.693359375,300.6669921875,nominal,218.2,0.0,false
mobilenet-v3-small-tflite,thermal_stress,22,719.0,300.6748046875,310.625,310.625,nominal,708.6,0.0,false
mobilenet-v3-small-tflite,thermal_stress,23,739.0,310.6328125,310.6328125,306.06640625,nominal,670.6,0.0,false
mobilenet-v3-small-tflite,thermal_stress,24,757.0,306.07421875,306.07421875,301.6416015625,nominal,654.6,0.0,false
mobilenet-v3-small-tflite,thermal_stress,25,783.0,301.6533203125,301.6533203125,300.2119140625,nominal,578.2,0.0,false
mobilenet-v3-small-tflite,thermal_stress,26,766.0,300.2236328125,301.998046875,301.998046875,nominal,520.2,0.0,false
mobilenet-v3-small-tflite,thermal_stress,27,771.0,302.009765625,307.205078125,307.205078125,nominal,452.4,0.0,false
mobilenet-v3-small-tflite,thermal_stress,28,858.0,289.759765625,301.0146484375,301.0146484375,nominal,297.4,0.0,false
mobilenet-v3-small-tflite,thermal_stress,29,807.0,301.0263671875,306.1240234375,306.1240234375,nominal,531.6,0.0,false
mobilenet-v3-small-tflite,thermal_stress,30,718.0,306.1318359375,306.1318359375,300.7841796875,nominal,213.6,0.0,false
resnet18-onnx,baseline,1,156.0,477.0341796875,488.2880859375,488.2880859375,nominal,501.2,0.0,false
resnet18-onnx,baseline,2,147.0,488.3037109375,490.0654296875,490.0654296875,nominal,450.0,0.0,false
resnet18-onnx,baseline,3,124.0,490.0771484375,491.8427734375,491.8427734375,nominal,450.8,0.0,false
resnet18-onnx,baseline,4,159.0,491.8505859375,493.0185546875,493.0185546875,nominal,238.0,0.0,false
resnet18-onnx,baseline,5,123.0,493.0263671875,496.8818359375,496.8818359375,nominal,637.8,0.0,false
resnet18-onnx,baseline,6,122.0,496.9287109375,501.2568359375,501.2568359375,nominal,547.0,0.0,false
resnet18-onnx,baseline,7,181.0,501.9990234375,501.9990234375,473.1357421875,nominal,180.0,0.0,false
resnet18-onnx,baseline,8,124.0,459.3388671875,461.1044921875,461.1044921875,nominal,642.2,0.0,false
resnet18-onnx,baseline,9,120.0,461.1123046875,462.8779296875,462.8779296875,nominal,253.2,0.0,false
resnet18-onnx,baseline,10,121.0,462.8857421875,464.6513671875,464.6513671875,nominal,240.2,0.0,false
resnet18-onnx,baseline,11,122.0,464.6591796875,466.4287109375,466.4287109375,nominal,197.6,0.0,false
resnet18-onnx,baseline,12,122.0,466.4365234375,468.2021484375,468.2021484375,nominal,270.8,0.0,false
resnet18-onnx,baseline,13,164.0,468.2099609375,477.0537109375,477.0537109375,nominal,519.4,0.0,false
resnet18-onnx,baseline,14,121.0,477.0654296875,478.8271484375,478.8271484375,nominal,199.8,0.0,false
resnet18-onnx,baseline,15,144.0,478.5341796875,478.5341796875,465.8154296875,nominal,123.4,0.0,false
resnet18-onnx,baseline,16,123.0,465.3349609375,467.1279296875,467.1279296875,nominal,505.0,0.0,false
resnet18-onnx,baseline,17,124.0,467.1396484375,468.9404296875,468.9404296875,nominal,541.6,0.0,false
resnet18-onnx,baseline,18,126.0,468.9521484375,470.7216796875,470.7216796875,nominal,534.0,0.0,false
resnet18-onnx,baseline,19,257.0,470.7333984375,470.7333984375,467.1357421875,nominal,603.4,0.0,false
resnet18-onnx,baseline,20,124.0,467.1435546875,468.9091796875,468.9091796875,nominal,572.2,0.0,false
resnet18-onnx,baseline,21,136.0,468.9169921875,470.6826171875,470.6826171875,nominal,550.8,0.0,false
resnet18-onnx,baseline,22,124.0,470.6904296875,472.4404296875,472.4404296875,nominal,571.4,0.0,false
resnet18-onnx,baseline,23,131.0,472.4482421875,474.2138671875,474.2138671875,nominal,473.6,0.0,false
resnet18-onnx,baseline,24,153.0,474.2216796875,475.9873046875,475.9873046875,nominal,299.0,0.0,false
resnet18-onnx,baseline,25,224.0,475.9951171875,476.5224609375,476.5224609375,nominal,152.4,0.0,false
resnet18-onnx,baseline,26,126.0,475.0302734375,476.7958984375,476.7958984375,nominal,511.0,0.0,false
resnet18-onnx,baseline,27,128.0,476.8037109375,478.5693359375,478.5693359375,nominal,463.8,0.0,false
resnet18-onnx,baseline,28,138.0,478.5771484375,480.3427734375,480.3427734375,nominal,463.8,0.0,false
resnet18-onnx,baseline,29,143.0,480.3505859375,482.1162109375,482.1162109375,nominal,823.8,0.0,false
resnet18-onnx,baseline,30,136.0,482.1240234375,483.8857421875,483.8857421875,nominal,630.8,0.0,false
resnet18-onnx,memory_pressure,1,175.0,494.4052734375,496.1708984375,496.1708984375,nominal,731.6,0.0,true
resnet18-onnx,memory_pressure,2,183.0,496.1787109375,496.1787109375,480.8271484375,nominal,164.6,0.0,true
resnet18-onnx,memory_pressure,3,163.0,469.9833984375,471.2333984375,471.2333984375,nominal,259.2,0.0,true
resnet18-onnx,memory_pressure,4,180.0,471.2412109375,471.2412109375,458.6083984375,nominal,556.8,0.0,true
resnet18-onnx,memory_pressure,5,145.0,458.6201171875,460.3857421875,460.3857421875,nominal,485.8,0.0,true
resnet18-onnx,memory_pressure,6,141.0,460.3974609375,462.166015625,462.166015625,nominal,738.4,0.0,true
resnet18-onnx,memory_pressure,7,145.0,462.177734375,462.177734375,455.404296875,nominal,765.2,0.0,true
resnet18-onnx,memory_pressure,8,178.0,455.416015625,457.208984375,457.208984375,nominal,737.0,0.0,true
resnet18-onnx,memory_pressure,9,129.0,457.220703125,459.005859375,459.005859375,nominal,701.0,0.0,true
resnet18-onnx,memory_pressure,10,126.0,459.013671875,460.779296875,460.779296875,nominal,603.4,0.0,true
resnet18-onnx,memory_pressure,11,146.0,460.787109375,471.052734375,471.052734375,nominal,456.2,0.0,true
resnet18-onnx,memory_pressure,12,125.0,471.033203125,472.798828125,472.798828125,nominal,578.2,0.0,true
resnet18-onnx,memory_pressure,13,216.0,472.806640625,476.091796875,476.091796875,nominal,521.8,0.0,true
resnet18-onnx,memory_pressure,14,164.0,476.099609375,477.865234375,477.865234375,nominal,132.6,0.0,true
resnet18-onnx,memory_pressure,15,151.0,477.873046875,479.638671875,479.638671875,nominal,599.6,0.0,true
resnet18-onnx,memory_pressure,16,124.0,479.583984375,481.326171875,481.326171875,nominal,177.0,0.0,true
resnet18-onnx,memory_pressure,17,218.0,481.294921875,481.294921875,468.091796875,nominal,11.4,0.0,true
resnet18-onnx,memory_pressure,18,123.0,455.408203125,457.056640625,457.056640625,nominal,601.0,0.0,true
resnet18-onnx,memory_pressure,19,122.0,457.064453125,458.830078125,458.830078125,nominal,534.8,0.0,true
resnet18-onnx,memory_pressure,20,148.0,458.841796875,460.603515625,460.603515625,nominal,520.2,0.0,true
resnet18-onnx,memory_pressure,21,125.0,460.638671875,462.400390625,462.400390625,nominal,561.4,0.0,true
resnet18-onnx,memory_pressure,22,124.0,462.216796875,463.978515625,463.978515625,nominal,514.8,0.0,true
resnet18-onnx,memory_pressure,23,179.0,463.990234375,478.029296875,478.029296875,nominal,354.0,0.0,true
resnet18-onnx,memory_pressure,24,123.0,478.041015625,479.802734375,479.802734375,nominal,543.8,0.0,true
resnet18-onnx,memory_pressure,25,164.0,479.818359375,479.818359375,467.990234375,nominal,21.2,0.0,true
resnet18-onnx,memory_pressure,26,137.0,467.505859375,469.302734375,469.302734375,nominal,616.4,0.0,true
resnet18-onnx,memory_pressure,27,181.0,469.310546875,471.099609375,471.099609375,nominal,826.2,0.0,true
resnet18-onnx,memory_pressure,28,145.0,471.107421875,472.896484375,472.896484375,nominal,529.4,0.0,true
resnet18-onnx,memory_pressure,29,197.0,472.904296875,472.904296875,468.912109375,nominal,601.8,0.0,true
resnet18-onnx,memory_pressure,30,164.0,468.919921875,470.6845703125,470.6845703125,nominal,257.8,0.0,true
resnet18-onnx,malformed_input,1,128.0,465.9033203125,468.6806640625,468.6806640625,nominal,726.2,0.0,true
resnet18-onnx,malformed_input,2,123.0,468.6884765625,470.4501953125,470.4501953125,nominal,687.4,0.0,true
resnet18-onnx,malformed_input,3,149.0,470.4580078125,472.2236328125,472.2236328125,nominal,534.0,0.0,true
resnet18-onnx,malformed_input,4,181.0,472.2314453125,478.2587890625,478.2587890625,nominal,506.4,0.0,true
resnet18-onnx,malformed_input,5,137.0,478.2666015625,478.2666015625,465.7470703125,nominal,222.0,0.0,true
resnet18-onnx,malformed_input,6,123.0,465.7548828125,467.6806640625,467.6806640625,nominal,531.0,0.0,true
resnet18-onnx,malformed_input,7,132.0,467.6884765625,470.4580078125,470.4580078125,nominal,612.6,0.0,true
resnet18-onnx,malformed_input,8,127.0,470.4658203125,473.2353515625,473.2353515625,nominal,443.2,0.0,true
resnet18-onnx,malformed_input,9,163.0,473.2431640625,476.0673828125,476.0673828125,nominal,457.0,0.0,true
resnet18-onnx,malformed_input,10,172.0,476.0751953125,478.1376953125,478.1376953125,nominal,343.2,0.0,true
resnet18-onnx,malformed_input,11,126.0,478.1455078125,479.9150390625,479.9150390625,nominal,662.2,0.0,true
resnet18-onnx,malformed_input,12,129.0,479.9228515625,479.9228515625,467.6103515625,nominal,524.0,0.0,true
resnet18-onnx,malformed_input,13,124.0,467.6220703125,469.3837890625,469.3837890625,nominal,456.2,0.0,true
resnet18-onnx,malformed_input,14,123.0,469.3955078125,471.1572265625,471.1572265625,nominal,570.6,0.0,true
resnet18-onnx,malformed_input,15,130.0,471.1689453125,473.9345703125,473.9345703125,nominal,524.0,0.0,true
resnet18-onnx,malformed_input,16,163.0,473.9501953125,473.9501953125,473.2626953125,nominal,566.8,0.0,true
resnet18-onnx,malformed_input,17,126.0,473.2744140625,474.0322265625,474.0322265625,nominal,615.6,0.0,true
resnet18-onnx,malformed_input,18,122.0,474.0439453125,475.8056640625,475.8056640625,nominal,513.4,0.0,true
resnet18-onnx,malformed_input,19,180.0,475.8134765625,475.8134765625,463.4853515625,nominal,303.6,0.0,true
resnet18-onnx,malformed_input,20,124.0,463.4931640625,465.2587890625,465.2587890625,nominal,505.8,0.0,true
resnet18-onnx,malformed_input,21,154.0,465.2666015625,467.0400390625,467.0400390625,nominal,518.6,0.0,true
resnet18-onnx,malformed_input,22,153.0,467.0595703125,467.0595703125,463.3837890625,nominal,464.6,0.0,true
resnet18-onnx,malformed_input,23,161.0,463.3876953125,465.1533203125,465.1533203125,nominal,161.6,0.0,true
resnet18-onnx,malformed_input,24,124.0,465.1611328125,466.3876953125,466.3876953125,nominal,476.8,0.0,true
resnet18-onnx,malformed_input,25,128.0,466.3955078125,468.1611328125,468.1611328125,nominal,539.2,0.0,true
resnet18-onnx,malformed_input,26,164.0,468.1689453125,469.9345703125,469.9345703125,nominal,193.0,0.0,true
resnet18-onnx,malformed_input,27,160.0,469.9423828125,471.7080078125,471.7080078125,nominal,315.8,0.0,true
resnet18-onnx,malformed_input,28,177.0,471.7158203125,489.3798828125,489.3798828125,nominal,505.8,0.0,true
resnet18-onnx,malformed_input,29,187.0,489.4267578125,489.4267578125,477.1416015625,nominal,174.6,0.0,true
resnet18-onnx,malformed_input,30,159.0,466.1533203125,468.9189453125,468.9189453125,nominal,640.8,0.0,true
resnet18-onnx,thermal_stress,1,641.0,461.2236328125,465.9501953125,465.9501953125,nominal,483.6,0.0,false
resnet18-onnx,thermal_stress,2,869.0,465.9580078125,466.087890625,466.087890625,nominal,587.4,0.0,false
resnet18-onnx,thermal_stress,3,743.0,466.099609375,476.880859375,476.880859375,nominal,195.2,0.0,false
resnet18-onnx,thermal_stress,4,702.0,476.892578125,476.892578125,465.712890625,nominal,324.2,0.0,false
resnet18-onnx,thermal_stress,5,684.0,465.724609375,478.189453125,478.189453125,nominal,549.2,0.0,false
resnet18-onnx,thermal_stress,6,774.0,478.201171875,478.201171875,473.470703125,nominal,631.6,0.0,false
resnet18-onnx,thermal_stress,7,752.0,473.490234375,473.490234375,466.294921875,nominal,769.8,0.0,false
resnet18-onnx,thermal_stress,8,708.0,466.310546875,480.7998046875,480.7998046875,nominal,533.2,0.0,false
resnet18-onnx,thermal_stress,9,815.0,480.8076171875,480.8076171875,470.53125,nominal,459.2,0.0,false
resnet18-onnx,thermal_stress,10,660.0,470.5390625,477.296875,477.296875,nominal,228.8,0.0,false
resnet18-onnx,thermal_stress,11,711.0,477.3046875,477.3046875,473.92578125,nominal,529.4,0.0,false
resnet18-onnx,thermal_stress,12,728.0,473.93359375,473.93359375,463.65234375,nominal,283.8,0.0,false
resnet18-onnx,thermal_stress,13,681.0,463.66015625,479.26171875,479.26171875,nominal,315.0,0.0,false
resnet18-onnx,thermal_stress,14,707.0,479.28515625,479.28515625,469.3876953125,nominal,528.6,0.0,false
resnet18-onnx,thermal_stress,15,660.0,469.3994140625,477.3642578125,477.3642578125,nominal,598.0,0.0,false
resnet18-onnx,thermal_stress,16,729.0,477.3720703125,477.3720703125,473.0009765625,nominal,491.2,0.0,false
resnet18-onnx,thermal_stress,17,730.0,473.0087890625,473.0087890625,465.1689453125,nominal,204.4,0.0,false
resnet18-onnx,thermal_stress,18,701.0,465.1767578125,479.2509765625,479.2509765625,nominal,466.8,0.0,false
resnet18-onnx,thermal_stress,19,707.0,479.2587890625,479.2587890625,469.4462890625,nominal,608.0,0.0,false
resnet18-onnx,thermal_stress,20,676.0,469.4580078125,474.6337890625,474.6337890625,nominal,518.6,0.0,false
resnet18-onnx,thermal_stress,21,807.0,474.6494140625,474.6494140625,473.5830078125,nominal,508.8,0.0,false
resnet18-onnx,thermal_stress,22,703.0,473.5947265625,473.5947265625,466.5126953125,nominal,210.4,0.0,false
resnet18-onnx,thermal_stress,23,662.0,466.0322265625,475.6181640625,475.6181640625,nominal,492.0,0.0,false
resnet18-onnx,thermal_stress,24,677.0,475.6337890625,475.6337890625,463.4580078125,nominal,146.4,0.0,false
resnet18-onnx,thermal_stress,25,653.0,463.4658203125,468.4697265625,468.4697265625,nominal,467.6,0.0,false
resnet18-onnx,thermal_stress,26,812.0,468.4775390625,471.0205078125,471.0205078125,nominal,586.6,0.0,false
resnet18-onnx,thermal_stress,27,699.0,471.0322265625,479.9072265625,479.9072265625,nominal,660.6,0.0,false
resnet18-onnx,thermal_stress,28,707.0,479.9150390625,479.9150390625,471.9892578125,nominal,514.2,0.0,false
resnet18-onnx,thermal_stress,29,617.0,471.9970703125,480.3095703125,480.3095703125,nominal,461.4,0.0,false
resnet18-onnx,thermal_stress,30,778.0,480.3173828125,480.3173828125,475.3642578125,nominal,447.0,0.0,false
tinyllama-1.1b-gguf,baseline,1,1668.0,1013.7197265625,1014.0634765625,1014.0634765625,nominal,57.2,0.0,false
tinyllama-1.1b-gguf,baseline,2,1588.0,1014.0712890625,1014.0830078125,1014.0830078125,nominal,22.8,0.0,false
tinyllama-1.1b-gguf,baseline,3,1631.0,1014.0947265625,1014.1376953125,1014.1376953125,nominal,28.8,0.0,false
tinyllama-1.1b-gguf,baseline,4,1615.0,1014.1142578125,1019.90625,1019.90625,nominal,7.6,0.0,false
tinyllama-1.1b-gguf,baseline,5,1690.0,1019.9140625,1019.921875,1019.921875,nominal,61.6,0.0,false
tinyllama-1.1b-gguf,baseline,6,1511.0,1019.9296875,1019.9453125,1019.9453125,nominal,67.8,0.0,false
tinyllama-1.1b-gguf,baseline,7,1447.0,1019.953125,1019.984375,1019.984375,nominal,104.4,0.0,false
tinyllama-1.1b-gguf,baseline,8,1785.0,1019.9921875,1020.01171875,1020.01171875,nominal,30.4,0.0,false
tinyllama-1.1b-gguf,baseline,9,1961.0,1020.0234375,1020.0234375,1020.015625,nominal,122.0,0.0,false
tinyllama-1.1b-gguf,baseline,10,1600.0,1020.03125,1020.046875,1020.046875,nominal,30.4,0.0,false
tinyllama-1.1b-gguf,memory_pressure,1,1645.0,1014.41015625,1014.47265625,1014.47265625,nominal,22.0,0.0,true
tinyllama-1.1b-gguf,memory_pressure,2,1426.0,1014.48046875,1014.75390625,1014.75390625,nominal,45.6,0.0,true
tinyllama-1.1b-gguf,memory_pressure,3,1790.0,1014.765625,1014.7802734375,1014.7802734375,nominal,66.2,0.0,true
tinyllama-1.1b-gguf,memory_pressure,4,1682.0,1014.7880859375,1015.6240234375,1015.6240234375,nominal,51.8,0.0,true
tinyllama-1.1b-gguf,memory_pressure,5,1883.0,1014.7685546875,1015.015625,1015.015625,nominal,244.0,0.0,true
tinyllama-1.1b-gguf,memory_pressure,6,1601.0,1015.0234375,1015.0234375,1014.96875,nominal,40.4,0.0,true
tinyllama-1.1b-gguf,memory_pressure,7,1469.0,1017.8515625,1017.8515625,1017.83984375,nominal,23.6,0.0,true
tinyllama-1.1b-gguf,memory_pressure,8,1752.0,1017.8515625,1017.8515625,1017.5634765625,nominal,326.4,0.0,true
tinyllama-1.1b-gguf,memory_pressure,9,1610.0,1017.5205078125,1017.5205078125,1016.9423828125,nominal,162.4,0.0,true
tinyllama-1.1b-gguf,memory_pressure,10,1427.0,1016.9501953125,1016.9658203125,1016.9658203125,nominal,131.8,0.0,true
tinyllama-1.1b-gguf,malformed_input,1,2680.0,992.251953125,992.251953125,992.005859375,nominal,28.2,0.0,true
tinyllama-1.1b-gguf,malformed_input,2,1608.0,992.013671875,992.392578125,992.392578125,nominal,83.8,0.0,true
tinyllama-1.1b-gguf,malformed_input,3,1412.0,992.400390625,992.400390625,992.373046875,nominal,129.6,0.0,true
tinyllama-1.1b-gguf,malformed_input,4,1800.0,992.380859375,992.3955078125,992.3955078125,nominal,65.6,0.0,true
tinyllama-1.1b-gguf,malformed_input,5,19702.0,992.4033203125,995.3115234375,995.3115234375,nominal,34.2,0.0,true
tinyllama-1.1b-gguf,malformed_input,6,1669.0,995.3564453125,995.5947265625,995.5947265625,nominal,6.0,0.0,true
tinyllama-1.1b-gguf,malformed_input,7,807.0,995.6025390625,995.6142578125,995.6142578125,nominal,3.8,0.0,true
tinyllama-1.1b-gguf,malformed_input,8,1615.0,995.6220703125,995.6220703125,982.9541015625,nominal,22.8,0.0,true
tinyllama-1.1b-gguf,malformed_input,9,2541.0,982.9658203125,982.9697265625,982.9697265625,nominal,73.2,0.0,true
tinyllama-1.1b-gguf,malformed_input,10,19963.0,982.9775390625,982.9775390625,981.662109375,nominal,9.8,0.0,true
tinyllama-1.1b-gguf,thermal_stress,1,3180.0,981.7119140625,981.7177734375,981.7177734375,nominal,42.6,0.0,false
tinyllama-1.1b-gguf,thermal_stress,2,3291.0,981.7255859375,981.8125,981.8125,nominal,358.4,0.0,false
tinyllama-1.1b-gguf,thermal_stress,3,3244.0,981.8203125,981.8203125,981.8056640625,nominal,304.4,0.0,false
tinyllama-1.1b-gguf,thermal_stress,4,3593.0,981.8134765625,981.8681640625,981.8681640625,nominal,12.2,0.0,false
tinyllama-1.1b-gguf,thermal_stress,5,3355.0,981.8798828125,981.8798828125,981.8642578125,nominal,45.0,0.0,false
tinyllama-1.1b-gguf,thermal_stress,6,3092.0,981.8720703125,985.1259765625,985.1259765625,nominal,17.4,0.0,false
tinyllama-1.1b-gguf,thermal_stress,7,3318.0,985.1337890625,985.1396484375,985.1396484375,nominal,189.8,0.0,false
tinyllama-1.1b-gguf,thermal_stress,8,3389.0,985.146484375,985.146484375,985.1201171875,nominal,56.4,0.0,false
tinyllama-1.1b-gguf,thermal_stress,9,3361.0,985.1279296875,985.1279296875,982.3974609375,nominal,9.8,0.0,false
tinyllama-1.1b-gguf,thermal_stress,10,3272.0,982.4091796875,982.4326171875,982.4326171875,nominal,28.8,0.0,false
